supplier_id,supplier_name,supplier_address,quantity,cost,supply_date
95-5176188,Shem,Bumford,691,172451,9/9/2021
50-1169920,Druci,Emberton,618,230453,10/19/2021
33-6062524,Otho,Voules,901,154747,3/29/2022
33-6411961,Thoma,Whipp,644,924347,1/16/2022
96-6729677,Grace,Ibbison,879,633224,1/6/2022
80-2501354,Dennis,Wakeling,785,171444,7/16/2021
43-4926969,Seymour,Vader,664,262979,12/20/2021
77-0346885,Maybelle,Divis,665,794064,7/21/2021
86-0845749,Peder,Rainy,593,510479,7/18/2021
78-2455760,Sammie,Wilhelmy,938,996167,1/19/2022
97-6135087,Dickie,Domanek,897,429633,6/7/2021
68-6013540,Fremont,Longdon,835,67997,6/25/2021
80-0394001,Gerhardt,Stud,624,785743,8/25/2021
88-3367965,Niki,D'Oyly,515,809649,3/27/2022
46-4588637,Moe,Ivchenko,850,598805,5/19/2021
31-8663398,Leonerd,Flamank,919,364571,6/6/2021
76-1962389,Angel,Van Son,641,458083,12/11/2021
74-3766125,Nita,Elverstone,640,150234,6/19/2021
75-5327647,Jocelyne,Britnell,955,841351,7/8/2021
46-5988413,Pepi,Scudder,569,276118,3/12/2022
11-8082660,Richie,Bohills,925,573239,7/14/2021
81-3533441,Anstice,Vallery,821,681101,1/9/2022
38-6957007,Jena,Swinyard,636,40483,7/18/2021
93-4129134,Andriette,Addess,688,843017,10/19/2021
32-3951288,Nobie,Thurber,730,818952,3/30/2022
99-3414593,Averil,Leathard,767,936446,10/28/2021
44-9160383,Toinette,Klewer,951,204840,5/21/2021
93-5512598,Codi,O'Corr,819,936065,4/4/2022
13-1700944,Salvidor,Riggey,567,510067,1/14/2022
79-2314836,Cullen,Darcy,805,890206,2/28/2022
77-8358523,Justin,Sellner,576,469556,8/2/2021
97-2274176,Maurizia,Duckels,732,498115,11/6/2021
10-3824349,Regina,Faccini,833,434512,7/23/2021
40-7983163,Merell,Broxap,703,480240,11/23/2021
92-0322928,Amalea,Feldhammer,805,466524,3/27/2022
19-6011918,Jeannie,Tapson,824,924445,4/18/2022
20-1417513,Kalinda,Edison,967,214132,12/14/2021
79-4586586,Winona,Philpot,619,580827,5/24/2021
63-8102417,Penny,Dingley,997,127567,10/30/2021
34-0216858,Shea,Bagshaw,869,307824,8/25/2021
61-0400866,Delmer,Backshill,701,669215,6/27/2021
59-3488590,Lelia,Fathers,909,564035,2/20/2022
16-4789116,Roxi,Akenhead,896,137404,1/25/2022
29-8164349,Doralynne,Budden,863,456488,8/27/2021
72-6341812,Agatha,Oldroyd,505,621725,8/9/2021
35-4900651,Jeramie,Eardley,835,592679,3/19/2022
12-1912639,Em,Hellin,651,202365,5/4/2021
06-4636662,Lorenzo,Caiger,569,186749,6/8/2021
92-3681800,Josiah,Ishak,608,852725,4/2/2022
62-1995434,Shandie,Welbelove,656,817798,12/24/2021
46-1742476,Jessey,Winfred,999,358554,4/17/2022
68-6572393,Kaiser,Hanmore,694,62931,11/14/2021
66-3065627,Cheston,Tassaker,719,346471,3/26/2022
75-4380728,Flemming,Baumaier,820,197087,10/21/2021
94-5445006,Napoleon,Bampfield,696,811167,1/15/2022
36-5537712,Katinka,Danforth,948,385860,12/31/2021
51-3432676,Berni,Jills,954,826186,3/9/2022
64-7416197,Alejandra,Greneham,568,363914,1/29/2022
84-3723047,Gusta,Warlton,797,80874,1/2/2022
35-6189010,Nikoletta,Radin,908,526862,5/27/2021
77-6630290,Anetta,Mungham,833,171201,10/15/2021
91-0770494,Minor,Tante,920,447515,5/23/2021
74-6039653,Sadye,Hebble,731,825786,9/4/2021
00-8718280,Bernie,Boatwright,899,946021,7/18/2021
45-7799863,Arv,Wookey,519,547091,8/3/2021
01-2323996,Averyl,Tute,973,439038,8/5/2021
17-4531141,Mickey,Yanyushkin,842,843530,7/1/2021
27-2276164,Hope,Tunny,986,507036,7/27/2021
63-1633078,Wallis,Drinan,716,759604,1/8/2022
47-1031446,Hagan,Maffioni,703,967910,7/5/2021
49-5264046,Titos,Mallison,757,334011,7/8/2021
44-3601485,Cameron,Bielfeld,853,20343,6/29/2021
66-5726105,Doralia,Niccols,840,461975,7/9/2021
11-3320752,Madelle,Klainer,959,309455,10/1/2021
17-9677529,Iris,Januszewicz,529,607576,2/28/2022
27-5790449,Gary,Turnell,662,423542,1/25/2022
69-0780254,Carmelita,Chrystie,588,62571,11/2/2021
64-3407887,Poppy,Peplay,652,858400,7/25/2021
41-2292635,Ashley,Rapier,785,84030,11/29/2021
96-2324120,Carilyn,Robyns,576,660942,6/16/2021
69-0160368,Talya,Vargas,570,472173,7/3/2021
46-3701401,Shalom,Husselbee,813,863867,9/7/2021
44-7434752,Orland,Cordy,941,545440,12/15/2021
61-9514276,Elihu,McLice,693,131368,8/11/2021
28-1870687,Barbabra,Moyes,711,990534,7/17/2021
08-0159379,Beverlie,Halcro,968,351816,5/9/2021
92-1464670,Dyann,Coyte,513,554625,3/25/2022
71-9915385,Edwin,Markl,637,236183,3/25/2022
70-9739254,Giavani,Bartolacci,828,597910,11/4/2021
35-1516321,Herrick,Melsom,713,342272,7/15/2021
39-2697322,Clemmy,Boots,831,54663,1/16/2022
03-5582442,Gun,Francecione,796,139410,11/16/2021
30-1399017,Ritchie,Brazener,510,57120,10/20/2021
42-6831268,Daron,Ricketts,891,15714,12/20/2021
69-3787788,Halsy,Hurles,848,385708,10/7/2021
54-2589482,Alfons,Lathleiff,819,200957,12/4/2021
33-9450442,Timofei,Dicty,531,371771,1/21/2022
05-3966435,Kaila,Denisovich,875,607131,6/4/2021
23-0698016,Allx,Kahane,639,919363,5/8/2021
13-7143098,Velma,Fawthorpe,794,120221,5/12/2021
25-8979116,Madelin,Pockey,856,822791,1/7/2022
22-0320889,Gerty,Morit,975,125329,12/23/2021
03-8438072,Buffy,Jewis,609,842617,9/25/2021
07-9892587,Jasper,Penhall,819,433418,3/16/2022
44-4070353,Vinson,Rannells,882,842045,7/11/2021
63-0647523,Dulcea,Griswaite,634,458624,1/4/2022
83-9983911,Octavia,Westwater,870,135174,1/2/2022
48-3927735,Rheta,Riditch,730,136159,4/29/2021
52-4776847,Inge,Ripley,680,952595,5/31/2021
81-8846851,Madelene,Robers,943,826603,7/11/2021
49-4100243,Caterina,Gallihaulk,997,137398,12/11/2021
60-6014157,Brendon,Coburn,521,477515,1/16/2022
09-7569398,Giuseppe,Abbett,524,519220,9/11/2021
15-1779994,Vince,Dolphin,629,270690,8/13/2021
00-6301915,Ethelda,Shillabear,828,633534,9/29/2021
95-9135758,Laughton,MacGauhy,586,968639,9/30/2021
36-9878223,Marleen,Harce,805,719515,3/20/2022
26-2978564,Brien,Low,786,875951,7/27/2021
85-6789044,Pryce,Monery,960,517221,5/17/2021
60-2282970,Aggi,Tupman,922,855987,11/30/2021
36-4548362,Theodora,Frensche,623,761682,7/6/2021
35-2035835,Hube,Kirton,510,643884,10/3/2021
70-4188481,Reina,Kingzeth,640,901424,9/8/2021
77-1347371,Eden,Whaley,866,59180,8/29/2021
19-9211344,Alford,Parry,880,490135,5/18/2021
41-4015625,Jeanette,Naptin,791,349894,9/26/2021
93-9930555,Arin,Sprules,940,363460,6/1/2021
24-2741947,Rakel,Giorgeschi,821,858688,3/21/2022
87-2445293,Conrad,Simoes,941,787538,9/28/2021
56-7852946,Harcourt,Alflat,831,476151,1/8/2022
68-7885334,Binni,O'Duane,602,822409,5/25/2021
36-8880189,Jody,Lombardo,966,816389,8/5/2021
90-5668015,Brenda,Battams,925,375190,10/24/2021
32-1053324,Napoleon,Hannan,649,930200,3/14/2022
93-1148183,Court,Benford,610,832212,6/9/2021
05-8987785,Eadmund,Gomersal,767,525228,4/14/2022
29-2270661,Chicky,Vizard,875,709236,12/30/2021
18-7206928,Samantha,Luxford,607,422766,3/3/2022
26-9982341,Theodor,Sawter,875,594008,7/20/2021
87-4228107,Christie,Rosenstiel,773,25278,6/5/2021
04-3049969,Artemis,Pollicote,634,215508,2/12/2022
58-3628537,Aguste,Brower,662,220423,1/1/2022
60-4659126,Reagan,Scrase,860,389687,8/30/2021
69-6181941,Eilis,Reuter,555,526648,4/23/2022
05-5610906,Drona,Gane,540,810605,11/28/2021
65-7739886,Valli,Rivalant,781,672122,2/20/2022
66-7172665,Stearne,Hamments,846,878393,1/16/2022
93-6197517,Filberte,Winnett,851,948087,1/15/2022
99-2850470,Garrik,Waymont,988,120963,7/28/2021
27-0295193,Koral,Fairbourne,813,347455,12/24/2021
57-0685592,Chrysler,Brooksbie,915,843472,3/31/2022
10-1334054,Emera,Curnnokk,936,783194,9/23/2021
14-8449559,Gwen,Lorey,732,183650,8/29/2021
69-8387319,Muhammad,Artois,920,888300,4/24/2022
27-5669175,Gabbie,Gravener,995,273479,4/3/2022
83-0605507,Andra,Cotty,698,901297,1/7/2022
07-1320095,Benedikta,Stanaway,609,860767,6/19/2021
76-7120208,Iris,Cahill,677,20036,11/21/2021
26-5073515,Manda,Frankham,564,844729,7/7/2021
21-8806369,Shelby,Gedney,518,443751,4/28/2021
43-4884894,Farica,MacGillavery,585,722218,5/29/2021
31-6325364,Sharia,Judd,618,658280,8/9/2021
33-1294918,Dud,Ibeson,501,275812,9/14/2021
70-1257070,Monro,Folland,936,402879,5/14/2021
88-8606997,Bessy,Conre,607,650492,7/12/2021
09-6071528,Robinett,Apple,769,59505,7/15/2021
22-8455056,Constantine,Lyste,507,324318,9/11/2021
33-4433954,Leila,Peteri,941,485073,12/29/2021
39-6322416,Saxon,Justham,950,130601,6/14/2021
69-5061847,Milo,Toye,751,102988,4/12/2022
46-4897996,Dex,Gilligan,859,531128,11/28/2021
18-4734126,Florida,Neagle,690,351670,4/4/2022
69-9351822,Barnabe,Brideoke,862,123196,1/29/2022
58-8453818,Cassi,Lapping,648,760852,2/24/2022
65-0608558,Jackelyn,Fallis,951,245514,7/2/2021
33-1250950,Roxine,Tomankiewicz,511,864912,1/14/2022
69-2831023,Marylee,Cadlock,574,677398,11/22/2021
11-7067518,Manuel,Saintpierre,799,933546,10/17/2021
97-4433300,Harry,Cragell,625,17971,11/10/2021
00-2393871,Dotty,Dainton,697,714385,6/25/2021
08-3928010,Boonie,Jirus,854,366641,12/7/2021
74-6382860,Padraig,Fick,735,416075,10/29/2021
58-3689776,Nalani,MacCostye,569,889184,12/28/2021
77-4513696,Brear,Gloyens,742,303799,10/26/2021
38-7048168,Seline,Klamp,662,71513,10/2/2021
50-2845944,Vitia,Ogilvy,961,847297,11/1/2021
11-7553156,Moe,Englishby,834,580727,3/8/2022
68-4091185,Inez,Allwright,986,332197,11/8/2021
62-9852689,Celinda,Darkott,799,160148,12/16/2021
88-5267813,Deeyn,Kinnach,947,452785,7/26/2021
33-1089224,Iorgo,McGinn,829,434102,5/15/2021
06-2611720,Blondie,Finby,549,4843,7/9/2021
60-3204076,David,Abazi,581,724510,4/24/2022
41-6714309,Roxine,Warrington,700,794978,4/15/2022
59-5381411,Denna,Lattin,929,814861,10/10/2021
25-1661418,Pietra,Boydell,507,437055,11/23/2021
86-1852668,Wait,Pickover,794,304318,1/19/2022
18-3349389,Farlay,Fowlestone,581,341524,1/11/2022
57-8635914,Meta,Wetwood,756,477396,8/20/2021
94-2304042,Andrej,Loyns,999,3276,5/29/2021
51-5367108,Cletis,Furmonger,813,829376,4/14/2022
80-7874162,Deonne,Mingay,953,892405,8/23/2021
57-9196544,Ethel,Halkyard,544,900672,6/1/2021
88-3628512,Orsa,Goering,758,296206,3/7/2022
92-1188833,Fancie,Muino,974,224271,5/21/2021
97-8372260,Jamima,Fleischmann,815,712515,5/29/2021
13-0104440,Belva,Smithers,573,413713,12/7/2021
91-9550044,Mendel,Dollman,935,84939,6/3/2021
56-4546177,Ivory,Angrave,969,744460,4/27/2021
91-0873918,Mabel,Sacks,784,531862,6/11/2021
17-9195579,Ive,Bruin,919,458038,8/7/2021
28-4055989,Jules,Bowskill,724,916361,6/4/2021
35-4459978,Bartholomew,Cuniam,815,172593,6/20/2021
59-7424881,Trumaine,Dinsey,618,430577,1/2/2022
33-7923023,Moyna,Lorente,585,612868,9/10/2021
42-1772560,Elsy,Goodwell,552,101024,2/11/2022
96-0329197,Iorgos,Ridoutt,694,633391,12/6/2021
44-7152858,Deck,Gorst,646,328718,10/1/2021
76-3262432,Vaughn,Girdler,742,426025,6/27/2021
14-5054102,Nicholas,Daout,870,930466,3/30/2022
48-3777715,Samuele,Thams,505,778976,3/5/2022
51-8664476,Nydia,Westmancoat,598,195237,7/13/2021
53-8484956,Gerianna,Danser,618,127202,5/15/2021
58-2214817,Doyle,Corradetti,746,90068,3/13/2022
61-5095694,Donnie,Muirhead,556,331300,8/21/2021
87-3801139,Nonnah,Antosch,633,575258,1/4/2022
38-4411083,Mitchael,Loveitt,614,35963,1/6/2022
10-8652723,Martita,Gwilliam,573,445598,10/1/2021
61-8665034,Rivalee,Rentilll,565,755883,9/4/2021
58-4857478,Shaun,Swadden,501,534860,6/6/2021
11-1090034,Winfield,Getten,650,496415,4/28/2021
45-6926091,Saraann,Paynton,518,868072,5/10/2021
62-4036218,Ludwig,Klauer,787,236653,6/29/2021
51-5299719,Susanne,Milam,596,211830,7/8/2021
03-2957502,Donalt,MacConnal,830,783208,6/6/2021
20-8361514,Samson,Quidenham,522,689237,4/1/2022
84-0840919,Port,Oag,878,274010,8/3/2021
51-3695470,Rainer,Wastling,628,371468,7/21/2021
24-0026623,Britteny,Treasure,549,575946,1/25/2022
71-5247531,Tana,Scrauniage,608,68747,8/12/2021
13-4789809,Berget,Bouzan,859,523377,2/23/2022
83-5719546,Zarla,Rapport,676,61486,6/25/2021
52-8134627,Stefano,Cerman,747,916121,12/9/2021
68-6093695,Evin,Murden,987,261898,10/13/2021
43-9980430,Mellicent,Belbin,878,478445,1/24/2022
74-0927823,Barnabas,Simkin,927,806318,9/10/2021
95-6485256,Rivi,Osgordby,679,65426,1/16/2022
96-0820250,Ardeen,Targetter,785,545786,10/21/2021
90-3458434,Far,Peterson,608,402461,5/19/2021
21-6222917,Simone,Kyd,507,137293,3/9/2022
77-5407392,Saidee,Gurge,523,168009,2/17/2022
44-4572833,Delbert,Whiff,851,253877,9/26/2021
60-4375563,Germana,Logsdale,612,837114,8/8/2021
45-6635771,Ellissa,Dunkersley,651,263742,4/24/2022
39-7704620,Marlee,Govern,917,325277,10/16/2021
89-4927921,Clarinda,Marzellano,844,149972,3/29/2022
51-0944392,Lynnelle,Warner,996,748268,10/2/2021
38-6921200,Sarajane,Hunnicot,829,45938,6/16/2021
48-9412902,Charmaine,Briggs,797,858827,12/23/2021
78-2366739,Tove,Corrigan,860,591210,8/4/2021
12-9498904,Josey,Hassekl,854,637728,6/10/2021
55-6478707,Ginnifer,Girkins,597,911525,9/16/2021
16-0108918,Artemas,Silverston,818,287887,1/8/2022
06-5238584,Jacklin,Bow,528,492846,10/1/2021
37-8258107,Glynda,Kordova,542,306235,12/30/2021
42-7902592,Godfree,Cabble,996,175341,2/27/2022
64-5557829,Alvin,Everall,527,253368,6/14/2021
09-3710644,Shaughn,Yankeev,877,420941,7/18/2021
70-3410413,Salomo,Crolly,611,915507,6/28/2021
35-1241302,Loleta,Hassett,767,132579,9/18/2021
46-1778363,Jennee,Bottrill,881,456732,12/4/2021
82-9315809,Pauly,Killwick,787,774865,4/7/2022
18-3121724,Ralph,Lorenzini,772,246623,9/30/2021
76-6334722,Cassi,Borrows,803,123281,9/30/2021
80-8114813,Stormy,Yeowell,516,693481,8/5/2021
11-4388044,Templeton,Gartell,941,670727,11/12/2021
01-0256609,Rafa,Brasher,803,668169,12/9/2021
00-3156307,Ruth,De Goey,727,258205,10/9/2021
02-7556982,Talia,Arnull,852,780650,7/18/2021
14-6222415,Umberto,Chancelier,855,137792,6/6/2021
09-2640442,Rosita,Klaff,613,552526,10/24/2021
37-7948567,Kiersten,Stoggles,528,929910,8/31/2021
95-0071377,Bernie,Knowling,617,321024,4/15/2022
94-6294503,Leesa,Rofe,789,251811,8/11/2021
22-1092081,Nettle,Bayley,692,107867,8/21/2021
47-2057836,Byran,Abrahami,678,141440,1/14/2022
57-9083069,Marna,Dulwitch,864,152777,4/19/2022
02-0477892,Giselle,Hinrich,507,932178,4/19/2022
10-2970046,Katerine,Hamflett,535,176909,6/16/2021
23-5865994,Lane,Illidge,926,124682,3/16/2022
12-5128770,Blinni,Petrashov,821,724361,11/4/2021
37-3831352,Valentine,Scotford,929,735040,9/8/2021
26-7264450,Shay,Skones,963,597048,4/9/2022
54-8378825,Guendolen,Helstrom,711,698906,1/8/2022
14-0677223,Viv,Brokenshaw,990,520134,3/8/2022
23-1885509,Ellwood,Bemlott,563,307035,10/16/2021
50-1443745,Franni,MacGuigan,614,490177,8/21/2021
70-0369704,Gus,Sheering,695,183662,6/8/2021
43-0714655,Yetta,Zink,721,4370,9/24/2021
00-8973267,Leyla,Kinder,793,687411,4/27/2021
23-4887628,Dorris,Crolly,955,59234,9/6/2021
12-6240424,Trev,Turl,530,878907,12/23/2021
56-2606278,Lion,Hatry,584,389501,9/22/2021
49-2747470,Clywd,Baroche,919,201341,9/26/2021
12-7275402,Garland,Bohman,963,633725,2/9/2022
89-9083511,Lise,Gunderson,874,240013,8/5/2021
47-6158755,Giselbert,Dannett,511,107055,10/16/2021
62-2778017,Taddeusz,Dionisii,781,903717,11/4/2021
75-0610511,Clevey,Dysart,848,335350,3/1/2022
62-0660661,Lorena,Eakly,837,886634,9/2/2021
00-6123579,Cobb,Strickett,585,668912,6/21/2021
59-4259878,Kristyn,Glanders,925,516524,7/4/2021
78-3692121,Sianna,Cousin,878,789961,3/29/2022
92-2138449,Eran,Choffin,623,231657,1/16/2022
72-7120560,Lila,Reade,571,398178,6/5/2021
95-2240923,Findley,Litton,649,179448,8/5/2021
97-1011389,Rebeca,O'Growgane,728,281795,2/25/2022
47-1162783,Andras,Godball,804,1531,8/31/2021
89-1071423,Noell,Edgeson,724,158058,10/14/2021
97-2653173,Iorgo,Hughlin,801,623610,10/14/2021
37-2625438,Chrissy,Normaville,993,61825,10/19/2021
77-0737572,Carry,Bernardotte,506,235933,11/13/2021
24-3473340,Lavinia,Occleshaw,522,408282,4/26/2021
12-7444815,Benedicto,Wickstead,852,235328,12/17/2021
89-1515797,Trix,Tiffney,902,722233,5/24/2021
48-1140438,Belvia,O' Culligan,919,629000,10/3/2021
01-9642862,Arnold,Phuprate,951,581686,6/15/2021
14-2426929,Paloma,Gayne,822,594896,8/7/2021
34-5616256,Terry,Thurstan,619,613946,5/1/2021
36-1545400,Lindy,Olohan,545,32444,9/4/2021
44-5737194,Sofia,Feary,920,454863,12/14/2021
77-3279852,Yasmin,Heddan,577,552305,11/15/2021
98-7618627,Cedric,Schapiro,589,396414,10/20/2021
64-3786795,Candace,Glading,994,413146,11/28/2021
03-7902737,Roy,Wordesworth,729,3210,3/1/2022
97-4482037,Ingaborg,Gates,922,354021,11/23/2021
56-0984659,Constance,de Zamora,594,102843,12/31/2021
46-7689773,Meagan,Ledrane,882,304554,4/20/2022
10-1754674,Bari,Fonte,776,137974,5/17/2021
27-1421563,Sheryl,Wrigley,891,512669,11/23/2021
20-0499433,Franklin,Gartrell,654,451118,2/28/2022
86-2744659,Jimmie,Glaisner,508,591801,8/14/2021
60-0869381,Jeddy,Cubbon,727,813449,7/13/2021
49-7657461,Herb,Hamsley,890,372113,4/3/2022
02-1105958,Marge,Wisniowski,949,861850,7/16/2021
20-8606786,Brose,Drakers,700,542920,6/6/2021
45-1802362,Francisca,Blincowe,550,893319,1/12/2022
97-8637210,Franny,Orro,522,75567,10/14/2021
07-9341461,Moritz,Sandcroft,544,134365,12/19/2021
30-8827337,Brock,Pach,797,333937,7/15/2021
96-9994635,Gawain,Stops,916,180047,2/12/2022
83-9372440,Renard,Atcherley,531,562974,1/18/2022
75-5997217,Ingaberg,Yegorkin,721,859772,11/28/2021
08-4281141,Gloria,Bugge,837,711807,7/11/2021
51-2647629,Georgena,Densey,841,246181,1/21/2022
76-9500545,Lorrin,Flicker,962,525247,9/16/2021
28-4541475,Shannon,Dominichetti,595,331279,1/13/2022
87-7025114,Freida,Dyte,572,68691,6/12/2021
18-2210384,Mirna,Katz,501,276334,3/8/2022
84-5234299,Roy,Trimnell,958,703851,3/3/2022
74-9235750,Axel,Ponton,697,728198,4/21/2022
71-0580233,Dall,Drews,613,420058,8/12/2021
20-7693916,Claresta,Hallwell,517,954126,6/22/2021
93-4060191,Milena,Paradis,632,448018,7/29/2021
52-6135594,Linn,Taffie,528,617367,3/25/2022
34-7607871,Dedra,Chern,892,721188,6/16/2021
52-5486170,Laurianne,Tupie,548,470735,4/6/2022
22-8091779,Junie,Cuxson,823,664260,3/25/2022
73-0732603,Brinna,Yair,759,416996,6/1/2021
16-8518047,Dolf,MacLeese,907,837841,10/13/2021
14-4575554,Grata,Prigmore,737,470593,1/7/2022
10-9378734,Dermot,Alessandrini,621,179357,11/9/2021
89-1320626,Dannel,Crowther,716,426400,9/26/2021
64-8574164,Caryn,Eykelhof,779,509843,3/15/2022
60-8691852,Ulrikaumeko,Yitzhok,599,555990,5/28/2021
28-0658412,Poul,MacKilroe,758,516895,12/9/2021
07-3166095,Shawnee,Alloisi,784,812906,6/5/2021
66-2106364,Dennie,Hatto,970,408308,12/7/2021
31-4931199,Elna,Sokell,861,363066,10/1/2021
95-8246076,Alena,Fowlston,701,36875,6/1/2021
85-2453421,Tamqrah,Vase,662,56390,7/21/2021
18-6627890,Franchot,Downton,639,527432,12/13/2021
71-8606168,Helen-elizabeth,Irnis,778,811364,11/10/2021
75-9876259,Joey,Kasting,827,845528,1/5/2022
35-9842141,Anjela,Rahill,755,666822,1/19/2022
00-8020054,Zena,Hintzer,744,602866,11/23/2021
40-2348652,Jason,Rickeard,956,52556,3/17/2022
52-1884374,Godfry,Jovicevic,729,160272,7/30/2021
60-9194238,Desdemona,Heining,974,515874,9/16/2021
62-6118577,Benyamin,Dumblton,881,940503,4/5/2022
95-1400794,Agatha,McGall,563,584077,4/5/2022
45-1786152,Dion,Allcott,763,822451,3/31/2022
03-1092344,Eleen,Rozenzweig,540,966226,3/15/2022
38-2182982,Dian,Paulson,855,694501,4/12/2022
91-0433864,Madison,Weaver,604,997957,12/4/2021
26-6388955,Daria,Dauncey,536,246882,5/29/2021
82-8078672,Hussein,Vannuccinii,694,517172,4/1/2022
73-9012213,Georas,Yushankin,595,195261,12/5/2021
06-2525862,Brunhilde,Melland,685,954792,5/27/2021
35-2870299,Craggy,Longstaff,620,584796,5/26/2021
70-8761440,Jeremy,McNeilley,771,436429,10/10/2021
96-7231846,Sena,Greenhalf,771,331066,4/16/2022
45-8132968,Shandie,Puddin,731,866080,11/26/2021
10-9749661,Luigi,Lax,632,44298,7/7/2021
66-3964024,Bianca,Trevon,934,840325,6/22/2021
17-2833759,Douglass,Mattecot,908,831692,3/26/2022
07-1648427,Stefanie,Schowenburg,512,90078,8/17/2021
76-7628770,Francois,Morgen,620,334645,10/25/2021
73-5797659,Honoria,Scibsey,812,729146,6/23/2021
50-7823568,Wallie,Smither,780,428692,9/4/2021
79-0103631,Gretel,Lodwick,913,580900,3/24/2022
82-7987991,Meagan,Snoxell,730,689819,9/29/2021
67-9416062,Teresina,Ortner,715,112565,1/28/2022
45-2788607,Aime,Muggeridge,661,407721,11/24/2021
01-8151388,Nance,Oag,682,268257,1/24/2022
49-4026650,Deloris,Frascone,568,83360,7/15/2021
02-5547174,Irving,Scollan,767,522706,5/14/2021
64-3840018,Pepi,Lethcoe,799,254376,12/13/2021
86-9463104,Aube,Borer,561,295874,1/25/2022
57-3810816,Ray,Leagas,771,565001,3/9/2022
04-5879084,Dell,Soppeth,949,392273,4/17/2022
95-2630094,Lina,Senescall,718,520216,7/8/2021
13-4268883,Ansel,Jahner,516,396112,6/6/2021
33-3937726,Jerrylee,Twyford,746,421705,5/23/2021
97-8229666,Sarina,todor,792,486672,4/29/2021
08-8473500,Finlay,Pirkis,671,689914,12/5/2021
20-2592553,Franz,O'Logan,612,117322,3/15/2022
31-5863991,Amery,Britian,685,745161,4/15/2022
93-1340184,Eolanda,Hammon,508,169388,4/21/2022
35-8627190,Karrah,Chazerand,748,228013,7/16/2021
50-9484123,Hamel,Reston,713,938673,9/15/2021
31-7437359,Andonis,Guiso,708,295653,10/24/2021
55-5359851,Amandie,Mahody,565,110603,8/11/2021
44-9115922,Mohammed,Predohl,582,945600,1/18/2022
16-5546778,Gilberte,Defraine,521,987072,9/22/2021
64-2279240,Ginelle,Howsin,775,990084,5/8/2021
69-7472064,Shannon,Glentz,923,202871,12/27/2021
34-7565578,Clerc,Shilstone,774,66304,1/5/2022
20-3111711,Mord,Rosetti,696,304229,1/29/2022
50-4590379,Chickie,Kitchiner,744,665510,4/17/2022
33-7710452,Lorie,Chark,754,906820,4/15/2022
19-2981598,Cyb,Tolland,599,570011,4/26/2021
25-5309634,Antin,Greggs,564,559955,7/27/2021
37-5530427,Pancho,Segoe,856,521794,6/2/2021
60-7972476,Chantalle,McGiffie,692,540416,10/9/2021
37-7287373,Alard,Rawnsley,995,709177,1/19/2022
18-8507620,Cristian,Gowers,829,708353,11/20/2021
12-5998248,Gauthier,Addey,884,49441,1/29/2022
28-7725251,Tuck,Hursthouse,571,794551,7/11/2021
86-5378588,Reggy,Hallagan,678,937993,12/29/2021
73-2887284,Jehu,Peirson,975,387345,1/9/2022
81-2151560,Quillan,Elliott,962,476601,5/6/2021
68-5111814,Duff,Woollett,757,739564,5/20/2021
83-3858449,Ginger,Boyton,516,307519,6/21/2021
84-2509531,Morley,Vawton,857,977372,2/25/2022
96-7918831,Heath,Kerne,795,335936,4/13/2022
97-7474280,Holmes,Oldroyd,649,222947,12/28/2021
76-3849289,Loise,Keohane,585,211030,10/5/2021
53-4998682,Stanislaw,Rickersy,859,31988,1/7/2022
47-0005091,Sol,Elrick,741,370361,8/1/2021
27-1543097,Chalmers,Lamy,774,304579,8/11/2021
70-7319077,Wye,Croft,608,506266,11/6/2021
14-9876046,Lock,Poynzer,886,514780,4/16/2022
37-2120562,Cinderella,Bollans,906,833853,7/14/2021
74-4597809,Cyndie,Pancoast,806,283845,1/31/2022
95-2521199,Bernie,Ferruzzi,740,436953,10/29/2021
86-7100031,Loria,Alejandre,923,198812,4/19/2022
05-6318494,Charissa,Gazey,559,96271,7/28/2021
40-6437726,Erda,Espinha,825,674016,9/28/2021
59-8911796,Howie,Juorio,525,434486,9/12/2021
77-0029433,Ruggiero,Howe,846,111644,12/18/2021
65-1560192,Casey,Mazzey,606,233227,5/31/2021
84-5387965,Waiter,Saturley,842,952833,4/4/2022
70-0354254,Gaylor,Martygin,969,837212,3/13/2022
99-6768995,Lyda,Murrock,613,707912,8/15/2021
24-7488701,Talyah,Franchi,905,293386,4/29/2021
39-0303771,Abramo,Drayson,893,982136,8/8/2021
96-8612436,Nettle,Morfett,568,762409,1/20/2022
19-9346355,Doe,Jeanin,776,733237,7/27/2021
33-0722161,Olav,Girodon,896,892105,2/21/2022
04-1363043,Harlan,Marwood,928,410037,3/3/2022
88-6130451,Paxon,Duncan,501,129764,11/5/2021
16-9597977,Heddi,Balentyne,722,631775,11/2/2021
77-8931218,Genna,Jollye,561,206770,5/18/2021
08-0754820,Stuart,Gooke,581,140279,9/19/2021
48-1674569,Britt,Slimme,935,448949,8/18/2021
21-1034783,Emery,Bispo,584,44127,3/24/2022
16-5452994,Winthrop,Gitthouse,993,175978,7/26/2021
37-3894440,Lillis,Donegan,525,299153,1/21/2022
13-4963169,Sammy,Masding,579,670546,6/26/2021
06-0875264,Heddie,Preuvost,544,40966,5/24/2021
34-8693877,Benjamin,Pecha,566,941960,6/2/2021
05-6394628,Winnah,Giff,666,482727,5/31/2021
75-8091859,Katharyn,Heers,676,912931,2/1/2022
80-5680788,Simon,Stonelake,655,755312,4/27/2021
71-0483421,Theo,Fossick,879,698781,1/1/2022
87-3549805,Rand,Mingame,758,234923,6/11/2021
42-7808006,Frederic,Lilley,569,230562,2/6/2022
14-8971703,Kimble,Towson,649,470251,10/25/2021
88-5982202,Vince,Bowerbank,716,332855,5/6/2021
88-8953158,Rodolph,Quarless,723,526973,5/28/2021
44-8284115,Melinda,Slemmonds,752,504068,6/30/2021
75-1028161,Garey,Pillans,652,492482,6/2/2021
67-2775960,Fanchon,Walkden,961,431311,7/25/2021
73-0609134,Celinka,Bellson,906,550864,2/15/2022
38-3901479,Judith,Castelletti,599,207901,7/23/2021
39-7914833,Mamie,Benitti,880,656867,3/11/2022
66-9877575,Claudianus,Clatworthy,609,730682,3/11/2022
98-7897680,Dulcine,Buesden,846,5299,8/24/2021
76-7008323,Adriaens,Palomba,954,104751,4/3/2022
71-8105476,Erick,Daniel,532,952387,10/24/2021
47-7019057,Prissie,Brosio,978,566530,8/11/2021
96-1538974,Alfredo,Sweatman,798,977420,12/31/2021
98-2935756,Barclay,Whatsize,821,634477,11/12/2021
03-3084592,Patty,Dragge,754,299403,7/5/2021
70-3343471,Laurella,Tunna,715,824635,2/16/2022
99-9179465,Tiffanie,Attock,860,928796,3/26/2022
94-4707531,Cordi,Sharpous,508,412660,9/21/2021
77-8561944,Giselbert,Tesyro,526,252401,4/1/2022
20-2735420,Julia,Ramelet,974,599554,9/29/2021
85-5485647,Jessy,Scardifield,545,21073,3/12/2022
62-1066356,Chelsea,Koomar,693,939823,11/13/2021
08-7132698,Cathee,Poone,882,886477,6/13/2021
44-8034139,Merralee,Kee,619,187314,9/2/2021
89-3605584,Waylon,Dowman,669,430071,3/6/2022
13-8008156,Ruthann,Risen,936,970135,6/19/2021
93-9648192,Chase,O'Moylan,547,87479,10/6/2021
28-4192292,Earvin,Budleigh,853,574433,10/4/2021
39-7523953,Caitrin,Hamblyn,709,63316,12/25/2021
79-3204854,Brigit,Buston,783,717680,5/1/2021
43-7243067,Webb,Tire,710,309927,1/7/2022
15-0705749,Yankee,Gaffney,751,428230,11/12/2021
47-4594422,Anallese,Wycherley,734,691863,3/22/2022
42-8556452,Lilias,Peddie,628,511048,6/19/2021
68-0395424,Gery,Burmaster,794,622279,8/21/2021
34-5182123,Marin,Rarity,558,939617,5/31/2021
88-3778751,Kylen,Hexam,979,318995,5/30/2021
82-0617260,Ara,Cranston,641,557700,4/2/2022
58-7089956,Yul,Menco,981,785037,7/8/2021
97-0199489,Roderigo,Valett,571,568229,8/23/2021
34-1407635,Giles,Lippitt,782,57196,1/15/2022
69-6025733,Kaile,Quarles,781,681702,10/20/2021
53-2537044,Mychal,Antunes,564,898812,10/28/2021
69-2397665,Cherilyn,Melledy,805,124668,10/6/2021
84-0298029,Del,Gorton,720,356553,5/12/2021
95-8866313,Alejandrina,Beveridge,902,712997,7/19/2021
81-2443714,Lara,Rottgers,566,333010,6/7/2021
58-9395863,Zed,Layne,814,606787,10/2/2021
89-1545086,Irwin,Cadell,999,684301,11/30/2021
04-8413344,Albie,Birchwood,762,317929,11/16/2021
76-7351573,Trefor,Spurrier,657,922378,11/9/2021
96-2969800,Aleece,Aspey,685,593353,7/25/2021
88-7144676,Murvyn,Bomfield,501,371299,1/12/2022
61-1988143,Kizzee,McGinn,947,202538,7/13/2021
49-9741814,Micky,Lamont,794,772857,3/11/2022
14-2464064,Audrie,Oley,957,423801,3/3/2022
85-8693953,Cloris,Castanaga,949,348352,11/2/2021
72-9291507,Beatrice,Smither,908,689644,12/28/2021
21-3821759,Benito,Greatbach,877,391968,3/27/2022
10-8707787,Gustavo,Willmott,738,346531,7/12/2021
66-0893180,Mathilde,Sturdy,564,436082,7/1/2021
09-2118097,Sande,Conyers,914,950332,5/14/2021
04-6256511,Minta,Paskins,571,675956,3/19/2022
80-4220139,Marna,Alster,977,404649,6/12/2021
03-3693386,Aurie,Sheepy,689,243297,12/31/2021
77-5204092,Gilburt,Leavold,562,339157,4/7/2022
84-6534106,Gunner,Gould,894,880885,11/10/2021
43-4448478,Joshia,Gutowski,817,212292,6/9/2021
66-5358355,Darwin,Mayers,821,148269,10/15/2021
46-1558799,Clare,Showers,762,457226,12/22/2021
68-1525145,Theresa,McCreagh,876,579770,9/20/2021
76-6962957,Caitrin,Ccomini,609,114390,1/16/2022
19-1586232,Teodorico,Perot,772,396870,8/10/2021
01-3573663,Nicol,Costerd,703,8766,4/22/2022
94-9320139,Amalea,Bramley,514,222061,11/12/2021
96-9429884,Leone,Aaronson,507,458165,6/10/2021
27-9736148,Alford,Figger,702,854287,5/10/2021
37-9120234,Rafe,Moakson,575,619410,9/28/2021
05-3743864,Bibby,Seabourne,858,550188,4/8/2022
69-3413371,Durward,Chaucer,958,63653,9/2/2021
70-9547068,Burt,Wilcocks,613,453449,5/2/2021
00-0978944,Stefanie,Quiney,695,662356,10/17/2021
29-5113001,Codi,Vann,808,241424,5/8/2021
65-1954155,Dilly,Pichan,688,605502,4/6/2022
39-0386339,Alon,Comer,576,109158,4/9/2022
73-5502991,Ada,Falls,665,177032,3/29/2022
88-5325206,Chrysa,Sodor,899,32927,6/15/2021
99-0198876,Gasper,Trowle,532,636972,10/7/2021
66-5507057,Marita,Blore,566,998340,3/30/2022
59-2694133,Pennie,Cescot,511,842920,4/9/2022
57-7930968,Patrizia,Sonley,827,155859,4/21/2022
23-8126935,Niven,Esom,688,951914,9/25/2021
26-9423249,Parsifal,Lindores,565,617938,9/3/2021
46-4050115,Lonnie,Mogey,944,633464,5/13/2021
45-2922376,Guenna,Lacroutz,712,547233,2/14/2022
73-0189735,Norrie,Whitemarsh,656,332811,1/7/2022
59-4801254,Andreas,Docksey,894,838065,4/20/2022
78-9326465,Salomi,Pinar,659,757742,2/5/2022
73-5850051,Meyer,Jorck,533,139909,9/23/2021
16-1829868,Gabriellia,Ashbolt,814,800711,11/23/2021
14-3619766,Salome,Skelington,876,174715,9/16/2021
22-6234398,Carol-jean,Garley,535,262944,4/7/2022
81-4429044,Verney,Leys,929,665794,11/10/2021
18-6472268,Deana,Ferens,823,854663,3/11/2022
10-4348699,Essy,Semken,843,109758,11/15/2021
77-2488439,Moses,de Grey,550,519973,3/7/2022
47-6510264,Udell,Keele,946,987201,8/28/2021
45-9440294,Karlene,Coaten,784,793991,2/28/2022
55-3626126,Neely,Stoeck,592,745017,5/10/2021
46-5700207,Leese,Goddman,965,283680,5/23/2021
53-5820931,Kari,Redbourn,532,794816,12/24/2021
56-6759826,Alleen,Jarmaine,813,76749,5/9/2021
71-3882635,Jarret,Aslett,701,633110,7/15/2021
65-9402621,Kennedy,Tother,610,202330,7/19/2021
93-1337569,Ardis,Bluett,518,756563,3/14/2022
52-6125970,Colin,Snelle,768,48675,2/24/2022
71-7337894,Rea,Loudwell,997,733215,8/8/2021
21-1294521,Jerrine,Bonney,633,778953,7/8/2021
52-5883932,Bidget,Maypother,554,146315,1/31/2022
43-0699957,Dasie,Callicott,570,598303,9/26/2021
98-7361082,Gui,Ginty,754,260524,1/16/2022
55-8784826,Cammy,Deek,554,660366,3/6/2022
86-0088233,Feodora,Adanet,648,32743,8/8/2021
03-1592195,Kinna,Handrahan,638,779468,2/26/2022
02-7138997,Lydia,Beadman,856,953183,10/16/2021
02-5367482,Frasier,Roseveare,691,666737,2/15/2022
62-0097081,Finlay,Geale,930,973918,7/31/2021
68-3517153,Octavia,Yoselevitch,614,731598,12/8/2021
67-1269724,Merola,Potes,924,741702,2/19/2022
61-3246413,Conn,Hawthorne,643,415645,1/2/2022
84-2868716,Kari,Josifovic,558,4145,1/24/2022
54-7925247,Idalina,Spencook,576,143155,9/14/2021
32-3528673,Paige,Bantham,834,179706,11/1/2021
40-5892232,Sloan,Ivimy,664,105843,3/5/2022
42-0964248,Costa,Henaughan,894,579494,3/20/2022
28-9983528,Carlina,Downing,673,416394,2/16/2022
87-6985712,Jasper,Kreber,967,762635,5/22/2021
72-9203479,Engracia,Pieper,859,584342,4/17/2022
25-5023962,Zaneta,Valentin,817,96796,6/2/2021
71-4051414,Gretal,Goadbie,638,616109,6/23/2021
65-7899571,Sandie,Sambidge,903,371242,3/30/2022
71-4394893,Sancho,Semarke,737,938331,11/29/2021
30-4472760,Alonzo,Belfelt,597,844869,1/27/2022
56-4263549,Roley,Brion,891,545170,5/10/2021
28-4036571,Venita,Eshelby,756,269005,4/4/2022
51-8735503,Jimmy,Beadnall,625,505211,4/22/2022
08-4495856,Bartram,Dumphry,961,223501,1/3/2022
42-4836330,Jenine,Haime,768,438270,10/28/2021
86-8697195,Dorian,Spitell,555,165476,6/16/2021
86-9789923,Estevan,Wiltsher,709,203176,12/29/2021
89-6501877,Daffie,Hedditch,516,952862,3/6/2022
96-7484978,Kristel,Glaister,826,829855,6/21/2021
20-4258594,Barr,Awton,637,300390,4/6/2022
01-7084905,Dur,Pacquet,608,131779,4/23/2022
56-0976052,Cristina,Gosland,658,217151,11/28/2021
33-1194667,Lois,Choppin,795,367982,4/3/2022
57-0153717,Allyson,Carleton,685,95391,11/12/2021
18-4268086,Debbi,Hillborne,956,749738,7/27/2021
31-2218364,Marne,Defont,781,985665,1/15/2022
81-7297622,Thia,Lovatt,578,830298,6/10/2021
09-3773892,Jacquelin,Grieve,995,454852,2/6/2022
85-4792645,Alfredo,Grievson,937,702559,3/2/2022
54-3910084,Frederic,Dunderdale,921,823087,1/18/2022
78-4427687,Molli,Adamec,955,868514,2/12/2022
91-1667742,Miriam,Tilbury,904,674533,6/12/2021
20-4381945,Maximo,Chatainier,652,639801,2/15/2022
48-2903180,Reggi,Dank,723,948282,6/8/2021
76-6167149,Nicolette,Bizley,501,530329,3/1/2022
34-9401741,Conny,Bake,792,227942,5/4/2021
23-3485730,Cash,Markushkin,643,419509,6/27/2021
96-0070066,Alair,Jeckells,952,284029,12/27/2021
28-8148486,Ingamar,Korda,955,358135,2/1/2022
05-0776457,Thebault,Blowing,940,111125,7/27/2021
77-5367428,Rita,Spacie,966,758466,11/26/2021
18-0797411,Anna-diana,MacAllan,788,101957,7/3/2021
67-3828674,Margie,Clemintoni,659,966943,4/2/2022
68-1654179,Sigvard,Speight,814,585850,6/17/2021
37-1107977,Tan,Aries,803,19884,3/10/2022
18-9982573,Elden,Duprey,676,617038,5/11/2021
44-1248075,Fredra,Tansey,791,954739,6/14/2021
72-5721953,Miquela,Prendeguest,846,986706,11/3/2021
37-6336672,Raimondo,Feirn,755,559147,9/15/2021
21-5828342,Fayth,Comport,674,29647,7/29/2021
56-1811731,Stacia,Finnes,690,834915,3/28/2022
58-4762083,Gertie,Petrishchev,531,438031,8/15/2021
83-5458769,Alanson,Littlecote,678,432763,11/26/2021
39-5213261,Hatti,Elwill,600,182744,2/9/2022
14-8669489,Noelyn,Setchfield,514,492057,4/22/2022
79-5107667,Emmery,Airdrie,601,525280,10/9/2021
95-4523530,Sonni,Bessell,788,341596,6/9/2021
69-0632861,Edee,Sayles,559,354363,7/13/2021
06-0562839,Granville,Tomasi,733,598289,7/23/2021
14-4182888,Mada,Gamwell,818,652519,10/21/2021
75-6038348,Roseanne,Papa,600,335861,1/9/2022
44-3910997,Lyda,Brounsell,974,417439,12/24/2021
56-2936722,Patricio,Caldeyroux,977,869380,6/23/2021
08-3509583,Desiree,Knevett,806,624016,5/3/2021
20-1385599,Bryn,Hanalan,613,949950,5/16/2021
45-0433625,Terry,Draper,656,164480,9/6/2021
73-6755296,Zacharia,Wildish,617,166512,8/2/2021
89-4165471,Rebbecca,Fomichyov,815,788493,12/18/2021
19-1867327,Reeta,MacLaig,593,643824,10/7/2021
69-2323453,Dael,Lasselle,782,523846,9/9/2021
90-7745352,Shalom,Kincla,662,834551,4/16/2022
43-5802750,Rana,Battershall,500,81381,5/6/2021
99-6969130,Enrika,Stout,584,260189,6/14/2021
89-1251501,Piper,Klemenz,900,122343,11/17/2021
77-7084337,Adolf,Clues,500,917834,6/20/2021
57-2648615,Claus,Getten,810,849815,5/17/2021
95-5057021,Krishnah,Bodemeaid,689,303206,11/3/2021
35-9216291,Tallia,Lapthorne,628,290118,1/29/2022
08-1770057,Joel,Clitherow,752,191308,3/2/2022
03-1081614,Reine,Schoular,849,586006,4/13/2022
28-7506752,Kati,Terran,948,377670,9/23/2021
29-5990794,Eziechiele,Corradetti,814,768538,5/21/2021
44-4448898,Arliene,Marley,895,21293,5/1/2021
51-4360338,Arabella,Kestin,768,938539,12/26/2021
10-2613488,Mag,Hawket,543,331142,10/21/2021
74-6669976,Eba,Vesty,655,198111,11/6/2021
27-2683374,Waylin,Osgodby,582,920389,1/13/2022
71-4907714,Willetta,Padbury,743,225654,2/12/2022
34-5741600,Sig,Cancott,655,730338,12/27/2021
91-3988017,Ferne,Woan,734,171496,12/3/2021
50-1421042,Lindie,Du Plantier,690,361829,12/22/2021
66-1551444,Modestia,Gager,693,144711,10/17/2021
13-2331248,Nikolaos,Nuccitelli,950,12372,6/5/2021
83-5103014,Timothea,Conklin,836,769526,4/21/2022
65-1900217,Iggie,Dosdale,551,453037,1/9/2022
39-6336273,Lee,O'Hederscoll,637,885027,7/20/2021
05-6709109,Fayina,Dannel,526,631001,6/1/2021
92-3824978,Peri,Nacci,814,345301,8/17/2021
52-0707899,Derward,Tenniswood,670,152316,9/23/2021
32-2798296,Saunders,Mallabon,915,768624,7/6/2021
67-2213077,Hynda,Yude,734,773262,10/7/2021
00-8668845,Derrick,Fenech,806,193573,11/12/2021
76-5507891,Jana,Daud,862,73016,7/20/2021
71-3034040,Gonzales,Norwell,949,234997,9/8/2021
15-6778038,Godiva,Sowman,749,870835,7/6/2021
63-4929671,Xerxes,Jeffryes,840,114983,1/23/2022
17-4067205,Annetta,Gainor,555,595667,1/23/2022
47-5237603,Courtney,Sugden,901,59036,1/27/2022
95-7710340,Clementina,Oliveti,898,265185,2/16/2022
62-3634664,Urbanus,Prowting,943,410090,4/11/2022
69-7977017,Sara,Magarrell,858,917895,8/15/2021
22-9136457,Rebecca,Burl,999,506069,5/27/2021
30-1374329,Terri-jo,Talbot,684,88147,8/19/2021
46-5821949,Crissy,Janowicz,887,623602,4/24/2022
73-6119822,Amerigo,Stickler,649,199893,9/21/2021
06-4297842,Bartie,Brumfitt,886,624888,11/25/2021
11-0792848,Herold,Aberdein,896,649385,7/30/2021
30-3705708,Kellen,Marcum,916,274135,3/19/2022
27-0865700,Bendick,Conaghy,814,606795,6/30/2021
24-8441264,Gabrielle,Carnall,790,231427,2/28/2022
86-1381168,Maryellen,Americi,798,420136,11/10/2021
52-4176654,Marcie,Wyndham,748,306616,6/2/2021
08-4177790,Gilbert,Jayes,756,139810,5/7/2021
42-5749218,Alisha,Roberts,545,121820,12/1/2021
50-7181793,Olga,Stair,879,443871,11/15/2021
75-8293625,Uta,Nanson,708,242946,8/5/2021
34-0349325,Genevieve,Sigg,823,347446,9/1/2021
20-4365845,Piotr,MacKeig,689,75819,11/19/2021
76-3557102,Roch,Ebbles,933,520207,10/22/2021
38-1056173,Reiko,Hundell,539,280990,10/24/2021
72-4662853,Ikey,Frissell,549,2576,11/18/2021
41-2906748,Orran,Schoular,884,388191,8/30/2021
06-3622435,Georgia,Gauntlett,597,532041,2/28/2022
09-3908992,Ethelred,Schach,555,331231,1/26/2022
94-5778574,Darleen,Connaughton,660,285584,2/5/2022
50-5926557,Daria,Aleixo,574,14794,5/13/2021
53-2088211,Merle,Ingilson,584,117810,5/29/2021
58-1253888,Thatcher,Muckian,986,716040,8/22/2021
27-7687720,Ellen,Pelham,747,616185,5/26/2021
38-8197912,Marjie,Pickston,662,401734,6/26/2021
57-2138314,Zena,Clemes,840,354544,4/17/2022
72-4041052,Mae,Purchall,732,371383,2/7/2022
95-8617959,Arnie,Purvey,698,155119,2/19/2022
73-0026558,Urban,Lanktree,915,200863,2/7/2022
55-5166557,Patrizia,Jillis,709,701088,5/27/2021
13-7124447,Wolfy,Gronw,998,531826,9/18/2021
86-2080242,Hynda,Farfolomeev,507,208826,10/17/2021
80-3379993,Hansiain,De Castri,1000,537452,12/15/2021
49-2790594,Ginger,Polak,801,784664,2/16/2022
77-8810048,Kristo,Longhorn,749,391611,4/25/2021
57-6916679,Merwyn,Woolfall,965,127579,9/30/2021
91-2029277,Reena,Dumbrill,934,841687,11/14/2021
27-7812959,Poul,Maine,940,918825,5/6/2021
69-2443555,Lodovico,Dance,868,854192,4/12/2022
37-4337474,Lynda,Brydie,759,767628,10/4/2021
57-1836083,Emogene,Vigars,854,646180,7/9/2021
07-8837996,Dal,Tripcony,929,160279,2/12/2022
91-1455462,Findlay,Engledow,560,194072,1/2/2022
17-5753035,Pacorro,Davenell,911,367251,1/16/2022
18-9560151,Kettie,Jantot,659,886148,2/25/2022
88-6083066,Chantal,Wylam,925,359901,12/15/2021
10-3835367,Broderick,Stevens,562,213536,12/21/2021
20-6982405,Saunderson,Gorch,865,830589,11/26/2021
36-4468698,Danya,Merington,659,671394,1/29/2022
37-5798465,Vivian,Burnage,656,109594,4/2/2022
41-0041965,Emilio,Tolossi,680,674605,12/24/2021
09-0421657,Evita,Cordaroy,940,440246,6/15/2021
49-4015713,Moyna,Iddy,852,56396,3/3/2022
20-8598712,Heindrick,Northleigh,506,434946,4/19/2022
32-4085608,Mella,Deuss,678,361211,11/24/2021
76-3705905,Kim,Burrel,740,295987,9/17/2021
19-9524042,Dulcie,Davitashvili,826,615966,5/30/2021
64-3644698,Pris,Scranedge,675,29005,8/19/2021
00-1376922,Bessie,Fenge,561,486801,7/13/2021
44-9795614,Leroi,Monument,581,294353,3/25/2022
31-1559326,Hattie,Algeo,793,44625,2/21/2022
96-9299141,Antons,Finey,704,713550,10/17/2021
59-0962656,Ralf,Scowcraft,767,494782,7/7/2021
52-2362537,Harland,Rawles,711,324805,1/2/2022
90-9425743,Evangelin,Saunderson,734,381507,8/13/2021
08-0963770,Tabitha,Speirs,778,260201,2/6/2022
71-8273324,Sande,Connerly,666,37270,1/6/2022
61-7455501,North,Trusse,594,42145,7/8/2021
50-6990522,Sherlock,Ledward,624,984921,4/11/2022
93-3843687,Fairfax,Uzzell,500,890010,4/28/2021
29-2073189,Akim,Corbett,948,450161,5/11/2021
26-5468170,Germain,Wieprecht,586,70803,4/12/2022
01-1538907,Quincy,Rosenstein,616,818327,11/16/2021
09-2902621,Meris,Wood,651,926059,7/8/2021
84-3293434,Dasie,McAw,998,374836,10/31/2021
15-2379990,Isidoro,Semiraz,898,784262,11/4/2021
17-4663776,Giff,Duchan,719,947847,11/26/2021
20-2141416,Vernor,Maddick,726,398669,4/4/2022
66-8564833,Westbrook,Breffit,694,196511,3/20/2022
91-0704876,Marna,Forber,858,681074,5/20/2021
22-6706602,Allistir,Adlington,869,43532,5/14/2021
51-4072722,Skippie,Seeman,748,676822,1/21/2022
11-3115143,Englebert,Senecaux,564,542868,5/6/2021
78-1229834,Cherice,Presswell,556,483453,11/18/2021
23-6002052,Betteanne,Thorns,856,535160,11/26/2021
85-4857854,Ealasaid,Veryard,856,56902,11/14/2021
96-2270131,Ronnica,Eastope,712,143898,3/21/2022
82-2525115,Lorene,Hancorn,873,713347,4/26/2021
77-7915339,Erica,Heamus,840,791566,6/27/2021
15-1317482,Nevile,Posvner,819,269715,12/23/2021
60-2145197,Suzy,Stallybrass,960,564060,9/16/2021
19-3458903,Steward,Geeritz,529,349526,8/2/2021
45-2413644,Koral,Consterdine,899,977759,7/20/2021
18-3725712,Candida,Hargitt,706,497414,4/8/2022
89-3754999,Ondrea,Lukas,704,194102,9/14/2021
47-2810375,Norrie,McDonogh,712,87438,10/25/2021
87-5232909,Maddalena,Pywell,894,991145,3/10/2022
75-0196549,Shauna,Gabbitas,815,97731,4/4/2022
68-5298585,Madelaine,Harriskine,582,901482,8/31/2021
48-2927659,Vernon,Clementel,561,664198,3/6/2022
74-3698565,Emalee,Stittle,992,679140,12/27/2021
12-2893905,Ardelle,Spaule,956,716753,6/30/2021
95-3884761,Amalea,Cassedy,780,544936,8/1/2021
05-9148919,Rowland,Gault,988,149458,4/5/2022
40-5428461,Cosimo,Jobb,635,212930,4/10/2022
96-9363676,Madelaine,Fellowes,806,216402,6/27/2021
12-4672675,Emalee,Cochran,732,787747,10/26/2021
61-7815532,Lotta,Antonijevic,999,665023,5/20/2021
01-8815367,Kylila,Wandrich,949,122728,4/3/2022
54-5360769,Joshia,Dranfield,815,512848,10/14/2021
06-7981164,Normie,Seagrave,503,928611,2/16/2022
74-8398193,Jermaine,Arthars,972,506675,8/22/2021
94-4541152,Judy,Readman,978,70359,7/26/2021
15-9563784,Patience,Sergison,765,473853,5/29/2021
22-7958641,Hillery,Courtenay,554,593432,12/22/2021
84-9634421,Arielle,Shillom,964,522987,9/22/2021
33-9093338,Venita,Inchcomb,744,380432,12/11/2021
75-8365862,Abbye,Doget,568,929380,2/8/2022
59-2189174,Bea,O'Bradane,639,7806,4/8/2022
33-2685863,Vern,Gledhall,522,365868,8/18/2021
56-2235578,Saundra,Basini-Gazzi,981,46730,9/18/2021
15-6848110,Dane,Durdle,965,121228,6/21/2021
31-3670662,Mellicent,Kitchingman,960,15784,10/22/2021
86-6673521,Tim,Branno,721,945629,3/7/2022
59-0131484,Xenos,Golden,919,733886,4/24/2022
21-2673262,Nanci,Murison,806,829808,2/5/2022
12-8860325,Kirsteni,Loren,996,483003,1/15/2022
88-2034860,Elie,Brennans,825,696804,7/23/2021
77-3937219,Doll,Crates,890,222699,4/12/2022
44-3758870,Antonin,Dunlop,905,371059,10/14/2021
84-3754716,Hunt,Cranfield,543,877206,5/19/2021
59-5578647,Matthus,Westall,553,296585,9/20/2021
86-4234413,Ortensia,Rennenbach,533,435712,8/24/2021
95-7041116,Augusta,Bibey,580,49590,12/27/2021
10-0257053,Elfrida,Utton,804,747467,6/5/2021
71-6216335,Helaina,Bergeau,789,505752,8/20/2021
28-9598925,Karleen,Dance,590,200113,11/10/2021
35-1213253,Heddie,Ebenezer,890,54505,5/21/2021
85-4960982,Fergus,Bogart,916,595168,1/21/2022
17-2802377,Symon,Pinard,976,207415,10/12/2021
23-5755096,Johnette,Seymark,591,562519,9/25/2021
23-7712610,Clarabelle,Scaife,798,99450,9/13/2021
89-5236539,Darbie,Manthorpe,664,785537,4/14/2022
20-4391706,Jeana,Gligorijevic,547,515247,4/26/2021
26-0981159,Tilda,Eastwell,840,32038,10/31/2021
65-7498727,Frannie,Utting,891,174499,2/5/2022
53-0117000,Leonelle,Seviour,848,991163,2/9/2022
92-6268271,Seamus,MacDermand,641,664742,4/5/2022
79-8717966,Leif,Ferdinand,727,45575,2/16/2022
53-4311762,Sharron,Jopson,721,523862,11/28/2021
71-1225757,Harold,Peaden,708,209258,6/30/2021
55-7632987,Wildon,Yurinov,575,773284,7/22/2021
68-7828988,Abdul,Sesser,769,178801,12/18/2021
51-7517380,Rustin,Strick,854,596134,11/28/2021
57-3863760,Jud,Guest,901,826463,3/31/2022
15-7716518,Haleigh,Sitch,595,847552,8/6/2021
08-2728719,Miguel,Helleker,954,722923,8/20/2021
79-4873999,Selina,Haryngton,934,151377,12/18/2021
50-2404427,Maryanne,Tharme,706,570143,10/9/2021
30-1523891,Prudence,Sigward,894,145717,4/3/2022
22-8079212,Nick,Alster,583,937208,10/27/2021
95-7289335,Lizette,Willshere,789,957053,1/4/2022
27-8689174,Thain,Kippins,769,311049,6/24/2021
65-6423898,Alanson,Vye,506,965812,3/27/2022
71-7515428,Prudy,Winterborne,907,758758,11/14/2021
64-6391224,Leupold,Allard,901,403025,2/12/2022
14-7973865,Saudra,Saggs,883,708546,10/10/2021
73-5256609,Marilyn,Ahrens,917,778322,8/7/2021
84-8770931,Alfonso,Arendt,742,411339,4/18/2022
96-5772038,Mal,Nowlan,873,202456,10/23/2021
73-2486061,Elfreda,Leathlay,933,958351,8/10/2021
47-0550349,Anallese,Rowbrey,746,888737,11/27/2021
43-8348114,Deana,Gavagan,531,997049,1/9/2022
54-9029175,Joli,Crosio,648,804820,4/9/2022
85-0826305,Jennica,Beach,890,927671,5/30/2021
67-3646571,Tarra,Fassam,771,670255,11/11/2021
16-6533166,Nat,Gonsalo,630,748365,3/26/2022
95-9484688,Rhodia,Woolnough,786,736655,6/25/2021
32-3969244,Lamar,Fonte,823,711383,8/10/2021
54-9339155,Paulie,Silliman,922,508725,5/8/2021
94-6491706,Katharina,Crofthwaite,639,185768,8/8/2021
59-9724885,Christalle,Northway,743,845812,8/10/2021
39-0768055,Catharine,Hambers,935,209653,11/14/2021
78-3932679,Elyn,Comelli,656,375161,4/9/2022
63-6141249,Lenette,Rodgier,913,201899,12/28/2021
51-1107554,Marilyn,Cristofalo,703,795922,7/22/2021
77-4761271,Gerianne,Easum,772,110918,12/5/2021
69-4827978,Gerek,Swinnerton,508,920004,2/10/2022
54-2504175,Esdras,McConnachie,689,606739,10/28/2021
97-5925173,Marcellus,Dykes,779,940246,4/16/2022
50-4966681,Aristotle,Rain,972,499344,2/12/2022
42-4629300,Baryram,Priestnall,760,193858,1/1/2022
92-3893577,Basia,Schellig,700,963325,12/16/2021
35-1718167,Katherine,Filyushkin,977,451394,2/28/2022
40-7197789,Ruthanne,Suttle,791,511272,2/14/2022
82-5627857,Manny,Kuhlmey,881,4051,2/17/2022
80-4367542,Cleon,Aylott,628,361184,4/15/2022
49-8376980,Kessia,Doig,848,184330,9/6/2021
56-2108560,Mara,Etchells,967,613310,9/24/2021
19-6271995,Bobbi,Deverock,802,683463,3/26/2022
72-5936918,Charline,Cissen,710,953749,8/11/2021
63-9095583,Barb,Holdren,562,689271,4/2/2022
19-9764261,Inglis,Maitland,781,61431,9/7/2021
81-2321668,Bryce,Cocci,932,37293,6/28/2021
46-5559099,Sidonnie,Camus,794,336909,6/9/2021
53-6233819,Llywellyn,Evins,863,949041,6/22/2021
90-7310704,Maryellen,Pollington,535,330626,8/4/2021
03-3080341,Pansie,Linne,923,371462,1/25/2022
96-9094036,Thorin,Van Zon,672,230683,3/13/2022
02-2800107,Adah,Gethouse,827,604728,10/15/2021
74-7332642,Gregoor,Will,851,846054,1/2/2022
00-0305106,Delmor,Epinoy,570,262485,1/31/2022
40-4833551,Alanson,Husthwaite,691,954070,9/30/2021
30-0448562,Dur,Sollner,727,678501,11/28/2021
09-7207298,Mikel,Honniebal,578,560474,11/21/2021
03-7040697,Tedda,Erbe,983,125412,2/19/2022
97-2491272,Mill,Matyasik,520,579718,7/23/2021
84-7339012,Derrik,Jemison,738,360090,7/13/2021
87-3370478,Hillier,Maryott,757,639126,7/15/2021
48-4826687,Jamey,Bier,842,221188,8/12/2021
10-8598372,Letizia,Ernshaw,809,537364,8/3/2021
63-3869598,Hadleigh,Yakobowitch,611,103825,3/29/2022
45-3189132,Syman,Febry,563,808450,7/4/2021
59-0329536,Bent,Mander,819,151976,9/20/2021
92-7808246,Isac,Brager,871,500317,3/31/2022
63-2818117,Abbott,Licciardiello,506,198634,1/29/2022
90-8453472,Guido,Slimmon,985,542399,3/12/2022
16-3309803,Agnes,Barnet,765,763215,7/12/2021
91-7022262,Tiphani,Krabbe,641,730765,1/25/2022
36-2919699,Frannie,Smorthwaite,631,357855,9/21/2021
17-9424436,Gordy,Geal,655,255157,11/12/2021
39-7541322,Constancy,Krolle,695,908031,10/8/2021
37-5178131,Jeniece,Suddaby,794,959257,3/15/2022
32-5190476,Martie,Persian,781,980633,4/7/2022
02-3571537,Alexei,Frascone,684,227612,3/16/2022
63-6527237,Gino,Mattioni,750,804053,3/14/2022
40-8519285,Addie,Paslow,688,829786,3/6/2022
54-4935820,Mirilla,Burtwhistle,670,138081,10/4/2021
16-0655626,Helsa,Stangroom,573,415870,1/10/2022
67-6592159,Daveta,Ernke,853,890534,3/15/2022
32-0926843,Myrlene,Hurich,855,821986,2/27/2022
21-0844314,Jessika,Gateshill,964,538890,9/6/2021
71-0046497,Deny,Douche,604,91626,5/25/2021
61-6782696,Daren,Danskine,910,199476,10/18/2021
79-4788039,Boonie,Matzen,839,740618,1/17/2022
42-5594471,Agatha,Andren,923,862251,1/26/2022
72-9831953,Felike,Dwire,708,263699,5/3/2021
42-5125764,Giorgia,Vannacci,742,696129,8/22/2021
01-2899739,Dukey,Chrestien,644,68235,1/21/2022
46-6840220,Clarinda,Dearan,513,874663,8/9/2021
60-5865667,Debra,Marchant,791,36441,3/30/2022
68-3397286,Alla,Bridges,503,365550,3/11/2022
